rollout/ep_rew_mean,rollout/ep_len_mean,rollout/success_rate,time/time_elapsed,time/iterations,time/fps,time/total_timesteps,train/value_loss,train/entropy_loss,train/n_updates,train/clip_fraction,train/explained_variance,train/policy_gradient_loss,train/learning_rate,train/std,train/approx_kl,train/loss,train/clip_range
-75.38786082291666,300.0,0.0,3,1,8387,32768,,,,,,,,,,,
-64.98826262000001,300.0,0.0,14,2,4555,65536,0.10668620741753329,-5.646491524670273,10,0.044171142578125,-0.0006600618362426758,-0.002777758285674281,0.001,0.9953006505966187,0.00519606,0.07012534886598587,0.2
-49.676777060000006,293.08,0.03,24,3,4008,98304,0.027232410031137987,-5.624129065033048,20,0.1353668212890625,0.846699595451355,-0.0108464216487846,0.001,0.9835513234138489,0.010074547,0.006624352186918259,0.2
-35.915807130000005,297.34,0.02,34,4,3779,131072,0.038172311438938775,-5.57273371918127,30,0.2244354248046875,0.9519745111465454,-0.02107586831516528,0.001,0.972180962562561,0.015573368,-0.018476882949471474,0.2
-28.769867280000003,296.46,0.02,44,5,3662,163840,0.03448048184536674,-5.510127644240856,40,0.2452484130859375,0.945296049118042,-0.02181238597477204,0.001,0.9593567848205566,0.018470887,-0.035546980798244476,0.2
-26.514992740000004,295.23,0.02,54,6,3582,196608,0.0390277109840099,-5.473909481242299,50,0.1904327392578125,0.9288436770439148,-0.015438218331655661,0.001,0.949908971786499,0.014441817,-0.01248040609061718,0.2
-23.943133309999997,296.34,0.02,65,7,3509,229376,0.02684041560150945,-5.437263853382319,60,0.16627197265625,0.9005472660064697,-0.008351805282927671,0.001,0.9425439834594727,0.018008502,-0.015944741666316986,0.2
-22.446604180000005,297.04,0.02,75,8,3451,262144,0.01964901948399529,-5.389699001424015,70,0.2057861328125,0.9226417541503906,-0.008189166718602791,0.001,0.9356545209884644,0.01755453,-0.022793859243392944,0.2
-18.65315376,299.69,0.01,86,9,3412,294912,0.02789852957544099,-5.3830709690228105,80,0.17476806640625,0.930208146572113,-0.002666319676609419,0.001,0.9322717189788818,0.013102518,-0.007693614810705185,0.2
-15.054522749999999,293.2,0.04,96,10,3379,327680,0.02267142016416983,-5.333111766818911,90,0.186102294921875,0.9505453705787659,-0.007969031795164483,0.001,0.9207350611686707,0.016017187,0.009585254825651646,0.2
-15.995632830000002,288.58,0.05,107,11,3362,360448,0.034711010486398665,-5.2853609100915495,100,0.2008209228515625,0.9165739417076111,-0.006726827327292994,0.001,0.9093257188796997,0.017907914,-0.03080081194639206,0.2
-13.91330894,300.0,0.0,117,12,3346,393216,0.029785112170520732,-5.202372797392309,110,0.241424560546875,0.9714183807373047,-0.009040890443793614,0.001,0.8879467248916626,0.9308187,0.0026252325624227524,0.2
-11.41502136,293.4,0.03,127,13,3331,425984,0.008846083733305931,-5.115635414980352,120,0.234918212890625,0.9748257994651794,-0.013426282124873979,0.001,0.8796731233596802,0.7252026,-0.005104579962790012,0.2
-10.343839619999999,291.94,0.03,138,14,3322,458752,0.018497001326875307,-5.088539374247193,130,0.2357177734375,0.9329832792282104,-0.006203487340280844,0.001,0.8759985566139221,0.019771416,-2.1838117390871048e-05,0.2
-10.449821689999998,297.01,0.01,148,15,3311,491520,0.015073440206936083,-5.026404098886997,140,0.2560699462890625,0.9437211155891418,-0.009558608104362066,0.001,0.8602451086044312,0.31087694,-0.019791044294834137,0.2
-10.9143382,292.35,0.03,158,16,3303,524288,0.014366596364800444,-4.988003096915781,150,0.2572235107421875,0.9614428877830505,-0.0046431333050350075,0.001,0.8511319160461426,0.20511776,0.002872748766094446,0.2
-7.74242654,294.41,0.02,169,17,3294,557056,0.013181615605117259,-4.918436793703586,160,0.2618377685546875,0.9688138365745544,-0.014148104599553336,0.001,0.8361862897872925,1.0695965,-0.007769125979393721,0.2
-8.976301489999999,300.0,0.0,179,18,3284,589824,0.010171460037082625,-4.8641582644544545,170,0.29532470703125,0.9484362602233887,-0.003677007352689543,0.001,0.8358137607574463,0.027141046,0.023144973441958427,0.2
-7.803078939999998,297.71,0.02,189,19,3277,622592,0.0014278066203758043,-4.871283687837422,180,0.2555450439453125,0.9761958718299866,0.0002047046204097569,0.001,0.8358057737350464,0.02077315,-0.008378209546208382,0.2
-7.681259180000001,294.96,0.03,200,20,3273,655360,0.019949342851066375,-4.857758588157594,190,0.2658477783203125,0.9144412875175476,-0.0009693851557130984,0.001,0.8313708305358887,0.02125481,0.023310964927077293,0.2
-7.455311109999999,288.47,0.05,210,21,3269,688128,0.019584738768344323,-4.809181743580848,200,0.29437255859375,0.9228007793426514,-0.0027985810411337297,0.001,0.819554328918457,0.0426094,-0.04486474394798279,0.2
-8.8263743,298.18,0.01,220,22,3266,720896,0.0302478076390571,-4.7645964019931855,210,0.296142578125,0.8539515137672424,0.0026834038256311034,0.001,0.8148599863052368,0.024706244,0.012120978906750679,0.2
-7.86021083,292.21,0.05,231,23,3262,753664,0.006283939246918635,-4.753825296740979,220,0.2643341064453125,0.9566528797149658,-0.005701765860430896,0.001,0.8042202591896057,0.488965,-0.029011035338044167,0.2
-7.98754518,291.78,0.04,241,24,3258,786432,0.0238699418565659,-4.679115611314773,230,0.2995086669921875,0.8656579256057739,0.0023315789566822785,0.001,0.7926092743873596,0.025663514,0.005093827843666077,0.2
-8.26727719,295.22,0.03,251,25,3255,819200,0.008770254560116087,-4.651246010884643,240,0.2978759765625,0.8977121114730835,0.005283191407761479,0.001,0.7986266613006592,0.028105587,0.04798976704478264,0.2
-8.44498821,298.2,0.02,261,26,3252,851968,0.014707164810283757,-4.667221943289041,250,0.274395751953125,0.9317551851272583,0.0027776225807429,0.001,0.7944172024726868,0.021377329,-0.018877675756812096,0.2
-7.870384419999999,293.53,0.03,272,27,3250,884736,0.009558009396656075,-4.6242907260544595,260,0.298876953125,0.9457669258117676,-0.002229788537169952,0.001,0.7915483117103577,0.16837601,-0.025540564209222794,0.2
-7.78875379,297.23,0.04,282,28,3248,917504,0.01026867186234881,-4.623629185371101,270,0.2837066650390625,0.9542210698127747,0.0010373103734309553,0.001,0.7935400009155273,0.026600085,-0.009675141423940659,0.2
-7.821740999999999,293.07,0.05,292,29,3246,950272,0.01082766504847541,-4.619350699800998,280,0.2858551025390625,0.9047731161117554,0.0013865616683688131,0.001,0.7852379083633423,0.024381582,0.009979545138776302,0.2
-6.787214179999998,289.49,0.05,303,30,3242,983040,0.014894982713832406,-4.557127664983272,290,0.3239776611328125,0.9139499664306641,0.002841120500852412,0.001,0.7753593921661377,0.029230502,-0.01902303472161293,0.2
-8.83248708,291.63,0.05,313,31,3239,1015808,0.014798660626530591,-4.49019135767594,300,0.30927734375,0.9419846534729004,0.003826537318491319,0.001,0.7686034440994263,0.028003845,0.021912511438131332,0.2
