time/total_timesteps,time/iterations,rollout/ep_rew_mean,rollout/ep_len_mean,time/time_elapsed,rollout/success_rate,time/fps,train/entropy_loss,train/std,train/policy_gradient_loss,train/explained_variance,train/n_updates,train/approx_kl,train/clip_range,train/clip_fraction,train/loss,train/learning_rate,train/value_loss
32768,1,0.010309278350515464,296.91752577319585,3,0.010309278350515464,9852,,,,,,,,,,,
65536,2,0.01,297.01,14,0.01,4672,-5.670392649900168,0.9960852861404419,-0.0008098506100395753,-0.14074206352233887,10,0.0036142333,0.2,0.0224853515625,-0.013701354153454304,0.001,7.739028626563282e-05
98304,3,0.0,300.0,24,0.0,4027,-5.633391929510981,0.9883347153663635,-0.0015647504733351525,-0.01956164836883545,20,0.004698077,0.2,0.0378631591796875,-0.01878531463444233,0.001,4.058666977792002e-05
131072,4,0.01,297.01,34,0.01,3788,-5.607452937122434,0.982306182384491,-0.0019624582143478618,0.11165988445281982,30,0.0045962916,0.2,0.0398651123046875,-0.007756285835057497,0.001,3.153151264659315e-06
163840,5,0.01,297.01,44,0.01,3646,-5.580190731678158,0.9751687049865723,-0.0026180238202869075,0.057908594608306885,40,0.0047412748,0.2,0.0452972412109375,0.027436327189207077,0.001,3.174031389382159e-05
196608,6,0.01,297.01,55,0.01,3568,-5.580909687187523,0.9699511528015137,-0.001334189693625376,0.1369437575340271,50,0.004516149,0.2,0.038995361328125,0.0022014339920133352,0.001,3.1053264034348885e-05
229376,7,0.03,291.03,65,0.03,3509,-5.612295191269368,0.9829944372177124,-0.0015520623924203392,0.14458221197128296,60,0.0049970746,0.2,0.0472991943359375,-0.018936941400170326,0.001,3.129694443972375e-05
262144,8,0.0,300.0,75,0.0,3465,-5.6504765884019434,0.9972007274627686,-0.001368808629013074,0.039546191692352295,70,0.004813156,0.2,0.046099853515625,-0.009261557832360268,0.001,9.240180424108791e-05
294912,9,0.03,291.03,85,0.03,3429,-5.691173040121794,1.0084019899368286,-0.0010831654761204845,0.5719811916351318,80,0.004321204,0.2,0.0413055419921875,0.0019071581773459911,0.001,1.612534541440419e-07
327680,10,0.01,297.01,96,0.01,3407,-5.743518294487148,1.017264723777771,-0.00124226676480248,0.05581092834472656,90,0.0045671007,0.2,0.0484375,-0.008403281681239605,0.001,9.207376895894009e-05
360448,11,0.0,300.0,106,0.0,3388,-5.760235501825809,1.0205156803131104,-0.0017703575533232652,0.03158479928970337,100,0.0052036243,0.2,0.0487396240234375,-0.013498889282345772,0.001,3.0759372204870394e-05
393216,12,0.0,300.0,116,0.0,3368,-5.808072226773947,1.028710126876831,-0.00046661319911436296,0.8514494299888611,110,0.0055564456,0.2,0.051336669921875,0.004812055733054876,0.001,6.611449182808253e-08
425984,13,0.0,300.0,126,0.0,3355,-5.902048634644598,1.0609793663024902,1.7987556657317327e-05,0.6999037265777588,120,0.006425743,0.2,0.070684814453125,-0.02317153476178646,0.001,2.5253972660219115e-06
458752,14,0.0,300.0,137,0.0,3339,-6.0028260858729485,1.0839567184448242,0.001670303899300052,0.7081145644187927,130,0.005792154,0.2,0.0572601318359375,0.015348187647759914,0.001,1.458613694697332e-06
491520,15,0.03,291.03,147,0.03,3326,-6.108051013294608,1.113590955734253,0.00042685341695687385,0.6747140288352966,140,0.0061767856,0.2,0.0676361083984375,0.04552110284566879,0.001,5.025685865218434e-07
524288,16,0.0,300.0,158,0.0,3317,-6.202045305352658,1.1365904808044434,0.00012653558706006153,0.050616323947906494,150,0.0061060707,0.2,0.060809326171875,-0.003980572801083326,0.001,9.231195335240752e-05
557056,17,0.03,291.03,168,0.03,3311,-6.253650879766792,1.1515464782714844,-0.001561460912853363,0.9207959175109863,160,0.005698542,0.2,0.05093994140625,-0.017856070771813393,0.001,9.481001334227853e-09
589824,18,0.01,297.01,178,0.01,3303,-6.316918986290693,1.1751501560211182,-0.0009268094784601999,0.008175849914550781,170,0.0052538477,0.2,0.0519378662109375,0.023317983373999596,0.001,9.172226943883683e-05
622592,19,0.03,291.03,188,0.03,3298,-6.429258844256401,1.2052853107452393,-0.001940883037423191,0.14498555660247803,180,0.0065914383,0.2,0.0698883056640625,-0.03094581514596939,0.001,3.0591179045625066e-05
655360,20,0.01,297.01,199,0.01,3292,-6.505451616086066,1.2353116273880005,-0.0007316868377529318,0.07109010219573975,190,0.0058534406,0.2,0.05859375,-0.0002634664997458458,0.001,9.136044552030793e-05
688128,21,0.0,300.0,209,0.0,3285,-6.614784389454871,1.2638797760009766,-0.0007974875585205155,0.1368984580039978,200,0.006739546,0.2,0.067694091796875,0.0033781053498387337,0.001,3.0534550641864776e-05
720896,22,0.01,297.01,219,0.01,3281,-6.680964563414454,1.2841064929962158,-0.002768930500224087,0.8529571294784546,210,0.006722777,0.2,0.062158203125,-0.02747618779540062,0.001,7.775452806182211e-09
753664,23,0.0,300.0,229,0.0,3277,-6.723985084798187,1.300584077835083,0.0009421443448445644,0.026732325553894043,220,0.004694878,0.2,0.049041748046875,-0.022333133965730667,0.001,3.096121535255667e-05
786432,24,0.02,294.02,240,0.02,3274,-6.816364976018667,1.3267924785614014,-0.0007617304693667392,0.015796244144439697,230,0.006427469,0.2,0.062811279296875,-0.01081246417015791,0.001,6.129476397213145e-05
819200,25,0.01,297.01,250,0.01,3269,-6.849782994575799,1.3490370512008667,-0.0006889997106554801,0.03294128179550171,240,0.0059189186,0.2,0.05758056640625,0.01162036508321762,0.001,6.0510540712134086e-05
851968,26,0.01,297.01,260,0.01,3265,-6.949036013986915,1.3768744468688965,-0.0011511068918480306,0.02314072847366333,250,0.006046559,0.2,0.06160888671875,0.007456914056092501,0.001,3.065161024595766e-05
884736,27,0.02,294.02,271,0.02,3260,-7.015142225287855,1.4060447216033936,-0.001196168653495988,0.04892873764038086,260,0.005595727,0.2,0.053607177734375,0.021495571359992027,0.001,3.0131617054651424e-05
917504,28,0.01,297.01,281,0.01,3258,-7.086547434981912,1.4236360788345337,-0.0002606884869237547,0.034107863903045654,270,0.0053983196,0.2,0.054608154296875,-0.005371598992496729,0.001,5.969453301946394e-05
950272,29,0.02,294.02,291,0.02,3257,-7.122802610229701,1.4425275325775146,-0.0019298276173685736,3.933906555175781e-05,280,0.0054877927,0.2,0.05701904296875,0.029564522206783295,0.001,6.141514024440746e-05
983040,30,0.0,300.0,302,0.0,3253,-7.213766970671713,1.4596483707427979,-0.001065491297867993,0.07738113403320312,290,0.0064883456,0.2,0.0636871337890625,-0.007741388864815235,0.001,4.940179652626001e-05
1015808,31,0.0,300.0,312,0.0,3250,-7.238399367034435,1.4798359870910645,5.822256025567185e-05,0.06514209508895874,300,0.0046907314,0.2,0.0519134521484375,-0.03183203563094139,0.001,1.0617083715389964e-06
